DateTime,GWL(m)
1932-12-01,206.04479999999998
1933-01-01,206.06687341935483
1933-02-01,206.14315242857143
1933-03-01,206.0379542903226
1933-04-01,205.77785869999988
1933-05-01,205.40674653763435
1933-06-01,205.30525359999976
1933-07-01,204.96796017204292
1933-08-01,204.9960913548387
1933-09-01,205.117954
1933-10-01,204.9545009032258
1933-11-01,204.8976344
1933-12-01,204.93542632258064
1934-01-01,204.97308387096774
1934-02-01,205.1496677142857
1934-03-01,205.41573212903225
1934-04-01,205.42432879999998
1934-05-01,204.97613187096775
1934-06-01,204.17515679999997
1934-07-01,203.78947664516113
1934-08-01,204.0194531612903
1934-09-01,203.5093719999999
1934-10-01,203.44357780645163
1934-11-01,203.51628079999998
1934-12-01,203.69616851612898
1935-01-01,203.81681032258058
1935-02-01,203.8960688571428
1935-03-01,203.63904309677412
1935-04-01,203.3765807999999
1935-05-01,205.06255741935482
1935-06-01,207.78932966486462
1935-07-01,208.22230767567518
1935-08-01,207.2600538099389
1935-09-01,207.26237440000003
1935-10-01,207.71276064516098
1935-11-01,207.46017266666647
1935-12-01,207.27894503225806
1936-01-01,207.07109109677418
1936-02-01,206.76496882758622
1936-03-01,206.92518038709676
1936-04-01,206.4640524
1936-05-01,206.7770082580645
1936-06-01,207.90597913846128
1936-07-01,207.99522692307642
1936-08-01,207.77211029776666
1936-09-01,207.5719496
1936-10-01,207.85265729032255
1936-11-01,207.86567519999997
1936-12-01,207.78235664516126
1937-01-01,207.60134477419348
1937-02-01,207.33747857142856
1937-03-01,207.51688567741934
1937-04-01,207.293464
1937-05-01,206.5339548387097
1937-06-01,207.488028
1937-07-01,206.94425496774195
1937-08-01,206.17045625806452
1937-09-01,205.91947639999998
1937-10-01,205.9687966451613
1937-11-01,205.961488
1937-12-01,206.09101161290323
1938-01-01,206.8010972903226
1938-02-01,207.26149628571426
1938-03-01,206.93776567741935
1938-04-01,206.876396
1938-05-01,207.5512002580645
1938-06-01,206.73903280000002
1938-07-01,206.01913780645162
1938-08-01,205.65790064516128
1938-09-01,205.608936
1938-10-01,205.38520296774195
1938-11-01,205.4324568
1938-12-01,205.36893058064518
1939-01-01,205.42143483870967
1939-02-01,205.2300042857143
1939-03-01,205.0110363870968
1939-04-01,204.32207039999997
1939-05-01,203.7243870967742
1939-06-01,203.61229279999998
1939-07-01,203.35078235944678
1939-08-01,203.57113028571385
1939-09-01,203.53128857142812
1939-10-01,203.49144685714242
1939-11-01,203.48198354285694
1939-12-01,203.53167483870968
1940-01-01,203.5871287741935
1940-02-01,203.44075696551718
1940-03-01,202.95196756059264
1940-04-01,202.68498685405362
1940-05-01,202.57302967741933
1940-06-01,202.881738
1940-07-01,203.03150787096766
1940-08-01,201.9229207741935
1940-09-01,201.6818927999999
1940-10-01,201.8671718709677
1940-11-01,202.63103999999996
1940-12-01,203.73687406451614
1941-01-01,203.95564180645158
1941-02-01,205.48832228571428
1941-03-01,205.7288895483871
1941-04-01,206.20217839999998
1941-05-01,207.74784541935475
1941-06-01,207.2683688
1941-07-01,206.46965187096774
1941-08-01,205.77254477419353
1941-09-01,205.7159208
1941-10-01,206.52677729032257
1941-11-01,206.51825599999998
1941-12-01,206.47358477419354
1942-01-01,206.18667948387096
1942-02-01,206.03718
1942-03-01,205.8468766451613
1942-04-01,205.8750772
1942-05-01,205.85120283870967
1942-06-01,205.3528024
1942-07-01,205.13492283870968
1942-08-01,204.4627896774193
1942-09-01,206.0296616
1942-10-01,207.8849070967742
1942-11-01,208.13979199999997
1942-12-01,207.41639999999998
1943-01-01,206.95998658064516
1943-02-01,206.4656417142857
1943-03-01,206.14872696774194
1943-04-01,205.6792432
1943-05-01,204.79944619354836
1943-06-01,205.1462496
1943-07-01,204.9555824516129
1943-08-01,204.23713935483863
1943-09-01,204.42875039999993
1943-10-01,204.34932541935484
1943-11-01,204.22626159999993
1943-12-01,204.11197470967713
1944-01-01,204.06074864516128
1944-02-01,204.20559475862066
1944-03-01,205.38151587096775
1944-04-01,205.74254000000002
1944-05-01,205.61542529032258
1944-06-01,206.1520896
1944-07-01,204.71085754838708
1944-08-01,203.6788637419355
1944-09-01,204.71028399999994
1944-10-01,204.4360032427842
1944-11-01,204.77865678947322
1944-12-01,205.48444926315742
1945-01-01,206.32748518166375
1945-02-01,207.38809714285713
1945-03-01,207.20667793548384
1945-04-01,207.62071759999995
1945-05-01,206.88250838709678
1945-06-01,205.7277064
1945-07-01,205.05901780645158
1945-08-01,204.50398683870964
1945-09-01,204.102589
1945-10-01,204.95604948387097
1945-11-01,204.8060928
1945-12-01,204.98488258064515
1946-01-01,204.89855535483872
1946-02-01,204.811884
1946-03-01,204.93647164685882
1946-04-01,204.3658974315789
1946-05-01,204.8663055483871
1946-06-01,204.862684
1946-07-01,204.0423623225806
1946-08-01,202.78766787096774
1946-09-01,205.04729119999996
1946-10-01,207.28966219354837
1946-11-01,207.0703504
1946-12-01,206.98800851612904
1947-01-01,207.16656232258066
1947-02-01,207.14208
1947-03-01,206.79529625806438
1947-04-01,206.1310584
1947-05-01,205.5655866666663
1947-06-01,204.73267551111087
1947-07-01,203.80540490322582
1947-08-01,203.92486683870965
1947-09-01,203.7225287999997
1947-10-01,203.19845961290315
1947-11-01,203.22397759999998
1947-12-01,203.4485922580645
1948-01-01,203.22139827096774
1948-02-01,203.36678515862067
1948-03-01,202.92354967741935
1948-04-01,201.6570008
1948-05-01,201.10723664516124
1948-06-01,200.17054199999995
1948-07-01,200.6876941935483
1948-08-01,199.4725213225806
1948-09-01,200.00351583333335
1948-10-01,199.9439330322581
1948-11-01,200.22007199999996
1948-12-01,200.2171223225806
1949-01-01,200.10818090322576
1949-02-01,200.07344142857139
1949-03-01,201.04234374193547
1949-04-01,201.80421919999995
1949-05-01,204.33192232258062
1949-06-01,203.25974079999995
1949-07-01,202.59416903225804
1949-08-01,201.75783716129024
1949-09-01,201.01874959999998
1949-10-01,201.42167225806455
1949-11-01,202.61346319999996
1949-12-01,202.33371251612894
1950-01-01,202.23529161290315
1950-02-01,202.53426599999997
1950-03-01,202.2797334193548
1950-04-01,201.82413279999997
1950-05-01,201.82508980645153
1950-06-01,201.6020352
1950-07-01,200.50215948387086
1950-08-01,199.86089961290315
1950-09-01,200.13452479999992
1950-10-01,199.92461264516118
1950-11-01,199.78441119999994
1950-12-01,199.7250178064516
1951-01-01,199.48471741935484
1951-02-01,199.09906114285712
1951-03-01,198.91415148387088
1951-04-01,198.433944
1951-05-01,198.5293169032257
1951-06-01,198.41728159999985
1951-07-01,196.74436877419348
1951-08-01,195.5853421935483
1951-09-01,196.11746399999993
1951-10-01,196.39640516129026
1951-11-01,196.8338456
1951-12-01,196.97798322580633
1952-01-01,196.74525367741927
1952-02-01,196.47334427586205
1952-03-01,196.4979723870967
1952-04-01,196.6616336
1952-05-01,196.0051796129032
1952-06-01,195.5946304
1952-07-01,194.8249153548387
1952-08-01,193.6323607741935
1952-09-01,195.06681839999996
1952-10-01,195.6388296774193
1952-11-01,195.95470079999987
1952-12-01,197.42849729032253
1953-01-01,198.1876459354838
1953-02-01,197.51148857142852
1953-03-01,196.924889032258
1953-04-01,196.39097119999988
1953-05-01,195.595961032258
1953-06-01,193.79752959999993
1953-07-01,193.56107690322574
1953-08-01,192.95698296774188
1953-09-01,196.63338879999986
1953-10-01,196.27143716129032
1953-11-01,196.89114799999987
1953-12-01,197.04010797022318
1954-01-01,196.89978273945383
1954-02-01,196.13052685714274
1954-03-01,195.1415140645161
1954-04-01,194.4469567999999
1954-05-01,194.47852490322572
1954-06-01,193.2462479999999
1954-07-01,192.60675793548376
1954-08-01,191.82386438709662
1954-09-01,191.76288799999992
1954-10-01,193.02875845161265
1954-11-01,193.70278759999994
1954-12-01,193.84621238709676
1955-01-01,194.24137083870963
1955-02-01,194.4384514285714
1955-03-01,193.86656516129023
1955-04-01,192.81322879999976
1955-05-01,192.57667122580636
1955-06-01,192.03720799999988
1955-07-01,191.11471277419338
1955-08-01,190.76566761290306
1955-09-01,190.90233599999996
1955-10-01,191.012555612903
1955-11-01,191.64929919999986
1955-12-01,192.23323045161285
1956-01-01,192.24561909677405
1956-02-01,192.38870896551714
1956-03-01,191.39227741935466
1956-04-01,190.49999999999994
1956-05-01,190.08114580645153
1956-06-01,188.9813847999999
1956-07-01,188.1500903225806
1956-08-01,187.5349842580645
1956-09-01,188.48821839999988
1956-10-01,188.79056361290316
1956-11-01,190.2381767999999
1956-12-01,190.55447070967736
1957-01-01,190.89732154838686
1957-02-01,190.8141617142856
1957-03-01,191.42246245161283
1957-04-01,192.77665279999985
1957-05-01,195.60107380645152
1957-06-01,197.57064879999993
1957-07-01,193.46924361290314
1957-08-01,191.3089981935483
1957-09-01,192.89247679999988
1957-10-01,196.06505806451602
1957-11-01,198.28560799999997
1957-12-01,199.04846012903218
1958-01-01,200.64807019354836
1958-02-01,202.24818942857138
1958-03-01,204.21295199999997
1958-04-01,203.5208528
1958-05-01,204.26289987096771
1958-06-01,201.86396000000002
1958-07-01,201.63601548387095
1958-08-01,199.3245499354838
1958-09-01,201.73198159999998
1958-10-01,205.52241212903226
1958-11-01,206.9816536
1958-12-01,206.66541212903226
1959-01-01,206.37742529032258
1959-02-01,206.34992657142857
1959-03-01,206.07233032258063
1959-04-01,205.7675336
1959-05-01,205.56439587096776
1959-06-01,203.4116328
1959-07-01,203.29697883870963
1959-08-01,202.5812887741935
1959-09-01,202.96052879999996
1959-10-01,204.71724851612905
1959-11-01,205.3470112
1959-12-01,205.63105858064515
1960-01-01,205.9074433548387
1960-02-01,205.85981793103448
1960-03-01,205.66419329032257
1960-04-01,205.2785328
1960-05-01,205.03896
1960-06-01,202.1127784
1960-07-01,203.00132283870968
1960-08-01,203.18911896774193
1960-09-01,203.4856992
1960-10-01,204.09830787096772
1960-11-01,206.4878776
1960-12-01,206.7582286451613
1961-01-01,207.13480412903218
1961-02-01,207.4195568571428
1961-03-01,206.9215424516129
1961-04-01,205.7452832
1961-05-01,204.10056929032257
1961-06-01,204.2182352
1961-07-01,205.4798384516129
1961-08-01,205.18565729032258
1961-09-01,204.6068552
1961-10-01,205.6352864516129
1961-11-01,205.964536
1961-12-01,205.9572929032258
1962-01-01,205.46685987096774
1962-02-01,204.95296285714286
1962-03-01,204.54331587096775
1962-04-01,204.34360959999998
1962-05-01,203.3582338064516
1962-06-01,202.396852
1962-07-01,199.89609909677418
1962-08-01,197.82906348387098
1962-09-01,199.9234
1962-10-01,200.3911532903225
1962-11-01,201.1802936
1962-12-01,202.73044412903226
1963-01-01,202.3631109677419
1963-02-01,202.01795657142856
1963-03-01,201.82990761290316
1963-04-01,200.8824024
1963-05-01,199.8271749677419
1963-06-01,197.55357999999998
1963-07-01,196.44369832258042
1963-08-01,194.32268361290312
1963-09-01,195.20021919999994
1963-10-01,196.21922787096776
1963-11-01,198.21773919999998
1963-12-01,198.8248745806451
1964-01-01,198.85397806451613
1964-02-01,200.0591586206896
1964-03-01,199.68342735483864
1964-04-01,198.95779359999997
1964-05-01,197.2793419354838
1964-06-01,197.3195952
1964-07-01,195.06256103225803
1964-08-01,194.01837522580644
1964-09-01,194.8331383999999
1964-10-01,196.6632526451613
1964-11-01,198.83506079999998
1964-12-01,198.99811896774187
1965-01-01,198.96301780645157
1965-02-01,200.9749962857142
1965-03-01,201.7130020645161
1965-04-01,202.27025839999993
1965-05-01,203.72497703225807
1965-06-01,204.335888
1965-07-01,200.30423612903218
1965-08-01,198.32569083870968
1965-09-01,197.5273672
1965-10-01,200.1993259354838
1965-11-01,200.9900984
1965-12-01,203.35046632258056
1966-01-01,203.5361976774193
1966-02-01,203.35058571428561
1966-03-01,203.26708877419355
1966-04-01,202.04592559999998
1966-05-01,202.97536567741935
1966-06-01,200.50048799999988
1966-07-01,198.0909948387097
1966-08-01,197.572736516129
1966-09-01,200.06299839999983
1966-10-01,200.52615019354838
1966-11-01,200.1041464
1966-12-01,200.07563612903223
1967-01-01,199.87633625806453
1967-02-01,198.75057832653053
1967-03-01,197.54700409216582
1967-04-01,196.89627879999995
1967-05-01,194.8096753548387
1967-06-01,192.3399759999998
1967-07-01,192.1775798709677
1967-08-01,191.7806516129031
1967-09-01,196.05680879999997
1967-10-01,198.3639383225806
1967-11-01,199.95001919999993
1967-12-01,200.80381316129032
1968-01-01,202.8875636129032
1968-02-01,206.32111696551723
1968-03-01,206.38489780645162
1968-04-01,205.8960576
1968-05-01,206.1534464516129
1968-06-01,204.71475439999995
1968-07-01,204.1653638709676
1968-08-01,201.08826038709674
1968-09-01,202.7485912
1968-10-01,203.1864642580645
1968-11-01,203.3862328
1968-12-01,204.20282477419352
1969-01-01,204.13213083870968
1969-02-01,204.25257599999995
1969-03-01,204.51263922580645
1969-04-01,204.05699599999994
1969-05-01,205.25654787096772
1969-06-01,202.77714079999996
1969-07-01,199.24825161290318
1969-08-01,197.25731767741928
1969-09-01,200.38608639999995
1969-10-01,201.55735741935482
1969-11-01,202.69311759999997
1969-12-01,204.03724954838705
1970-01-01,204.16133264516128
1970-02-01,204.4463417142857
1970-03-01,205.6430539354839
1970-04-01,205.14746879999998
1970-05-01,204.03154683870966
1970-06-01,204.5595096
1970-07-01,201.2958193548386
1970-08-01,199.99520825806448
1970-09-01,199.8687391999999
1970-10-01,202.16971045161276
1970-11-01,202.12761199999994
1970-12-01,201.94406012903218
1971-01-01,201.06289316129025
1971-02-01,199.21434085714284
1971-03-01,197.95924258064505
1971-04-01,196.17425839999996
1971-05-01,194.66327303225808
1971-06-01,192.91625119999995
1971-07-01,193.40857858064516
1971-08-01,197.71117470967744
1971-09-01,199.38979679999997
1971-10-01,201.91643148387087
1971-11-01,203.73400959999995
1971-12-01,205.17946296774187
1972-01-01,205.23245883870968
1972-02-01,204.71208827586207
1972-03-01,202.67715329032256
1972-04-01,199.9195391999999
1972-05-01,204.71862503225805
1972-06-01,204.46532639999995
1972-07-01,202.62750038709672
1972-08-01,203.17515716129023
1972-09-01,202.7736864
1972-10-01,203.4246998709677
1972-11-01,204.603604
1972-12-01,204.97593522580644
1973-01-01,205.0104464516129
1973-02-01,205.42953942857142
1973-03-01,205.81157883870966
1973-04-01,206.73090480000002
1973-05-01,206.803752
1973-06-01,205.507844
1973-07-01,208.7872134193548
1973-08-01,208.16257006451602
1973-09-01,208.6510432
1973-10-01,211.50661935483873
1973-11-01,211.293456
1973-12-01,210.40334167741935
1974-01-01,209.78980877419346
1974-02-01,208.87116685714273
1974-03-01,207.65866683870968
1974-04-01,206.5321752
1974-05-01,207.00727974193546
1974-06-01,204.6820392
1974-07-01,202.86937393548388
1974-08-01,203.95485522580645
1974-09-01,206.96651519999995
1974-10-01,206.764128
1974-11-01,207.73572879999992
1974-12-01,208.08990967741934
1975-01-01,207.9032934193548
1975-02-01,209.04893057142846
1975-03-01,208.29510890322575
1975-04-01,207.58698639999997
1975-05-01,208.31890296774188
1975-06-01,207.88812879999998
1975-07-01,207.01691535483872
1975-08-01,205.96928825806452
1975-09-01,205.8526744
1975-10-01,205.21367922580643
1975-11-01,205.9078432
1975-12-01,205.88010967741937
1976-01-01,205.76054941935485
1976-02-01,203.77971558620686
1976-03-01,203.3484998709677
1976-04-01,204.7445232
1976-05-01,207.7724260645161
1976-06-01,206.20796959999998
1976-07-01,206.34832180645157
1976-08-01,205.4615504516129
1976-09-01,206.20725840000003
1976-10-01,208.48310167741937
1976-11-01,210.9128624
1976-12-01,211.07557316129035
1977-01-01,211.0596449032258
1977-02-01,211.51617771428573
1977-03-01,210.77028154838706
1977-04-01,210.87120639999998
1977-05-01,211.5202861935484
1977-06-01,209.12490559999998
1977-07-01,208.02452516129034
1977-08-01,206.44428464516125
1977-09-01,206.9214048
1977-10-01,207.07030451612903
1977-11-01,208.9790079999999
1977-12-01,208.62842245161286
1978-01-01,208.13179509677414
1978-02-01,207.33584571428568
1978-03-01,206.75606554838708
1978-04-01,206.1701744
1978-05-01,204.3035070967741
1978-06-01,202.88849439999996
1978-07-01,199.0613403870966
1978-08-01,202.4407858064516
1978-09-01,205.26502
1978-10-01,205.6232910967741
1978-11-01,206.2992064
1978-12-01,207.10747045161287
1979-01-01,207.8479378064516
1979-02-01,208.63614428571424
1979-03-01,208.5745416774193
1979-04-01,209.68462
1979-05-01,209.4285716129032
1979-06-01,209.14644479999998
1979-07-01,207.85826167741928
1979-08-01,207.88589032258062
1979-09-01,207.085184
1979-10-01,206.28146245161292
1979-11-01,206.6009584
1979-12-01,206.9515308387097
1980-01-01,206.9417969032258
1980-02-01,206.1361348965517
1980-03-01,204.7727024516129
1980-04-01,203.4025904
1980-05-01,204.21393522580644
1980-06-01,200.25497159999992
1980-07-01,195.84599535483872
1980-08-01,197.72110529032255
1980-09-01,199.95469279999995
1980-10-01,201.41641199999995
1980-11-01,202.50647839999996
1980-12-01,203.8407027096773
1981-01-01,203.97383148387092
1981-02-01,204.1722394285714
1981-03-01,204.3150108387096
1981-04-01,203.49128719999993
1981-05-01,203.5144683870967
1981-06-01,207.12277600000002
1981-07-01,207.66122322580642
1981-08-01,205.3061024516129
1981-09-01,205.93293839999998
1981-10-01,206.38519277419354
1981-11-01,207.4906696
1981-12-01,207.11051845161282
1982-01-01,206.4617860645161
1982-02-01,205.4719937142857
1982-03-01,205.33314116129034
1982-04-01,204.4792456
1982-05-01,206.35618761290323
1982-06-01,203.9325359999999
1982-07-01,200.56823225806448
1982-08-01,198.474649548387
1982-09-01,198.34280879999994
1982-10-01,200.2882095483871
1982-11-01,201.69987600000002
1982-12-01,202.78481651612898
1983-01-01,203.17564877419346
1983-02-01,203.2442322857143
1983-03-01,203.06070967741934
1983-04-01,202.371452
1983-05-01,199.91822167741933
1983-06-01,200.05781679999993
1983-07-01,198.20495070967738
1983-08-01,198.0300348387097
1983-09-01,197.4292215999999
1983-10-01,198.89360206451607
1983-11-01,199.82637199999996
1983-12-01,200.0287362580645
1984-01-01,199.86158787096772
1984-02-01,199.90318510344827
1984-03-01,198.566384516129
1984-04-01,195.2115984
1984-05-01,192.50961522580639
1984-06-01,191.5743183999999
1984-07-01,190.27798761290308
1984-08-01,190.56941574193533
1984-09-01,191.0079999999999
1984-10-01,194.17736283870966
1984-11-01,196.0733696
1984-12-01,196.90669935483868
1985-01-01,198.5304967741935
1985-02-01,199.2460182857142
1985-03-01,201.7561656774193
1985-04-01,201.9043968
1985-05-01,200.35801858064514
1985-06-01,200.4244912
1985-07-01,202.1547654193548
1985-08-01,197.78068877419352
1985-09-01,198.27605759999997
1985-10-01,201.66777367741935
1985-11-01,204.03596479999996
1985-12-01,205.41160258064517
1986-01-01,205.0504637419355
1986-02-01,204.97244828571428
1986-03-01,203.18508774193543
1986-04-01,200.4362768
1986-05-01,199.7438957419355
1986-06-01,205.9520392
1986-07-01,203.02541187096776
1986-08-01,199.04531380645153
1986-09-01,201.10074079999993
1986-10-01,203.76204464516124
1986-11-01,205.8077672
1986-12-01,206.8634338064516
1987-01-01,208.76568077419353
1987-02-01,208.3035857142857
1987-03-01,208.96429238709672
1987-04-01,207.5091608
1987-05-01,207.00836129032254
1987-06-01,211.87267759999995
1987-07-01,209.9414221935484
1987-08-01,207.62120593548389
1987-09-01,208.11053119999997
1987-10-01,207.89936051612895
1987-11-01,208.18317519999997
1987-12-01,208.5277401290322
1988-01-01,208.41624232258062
1988-02-01,207.58982068965517
1988-03-01,206.80994632258066
1988-04-01,205.468728
1988-05-01,202.0433659354838
1988-06-01,199.86274479999983
1988-07-01,199.79177883870963
1988-08-01,199.97406890322574
1988-09-01,199.40280159999986
1988-10-01,200.05439845161283
1988-11-01,200.61834399999992
1988-12-01,201.08167277419346
1989-01-01,201.40367922580643
1989-02-01,202.03570028571426
1989-03-01,201.27861290322576
1989-04-01,200.202292
1989-05-01,196.65627174193546
1989-06-01,193.3212288
1989-07-01,192.23323045161274
1989-08-01,191.8982454193547
1989-09-01,192.22405039999995
1989-10-01,193.18292825806446
1989-11-01,195.670424
1989-12-01,196.3238430967742
1990-01-01,196.5695512258064
1990-02-01,196.03299085714278
1990-03-01,198.12412954838706
1990-04-01,198.84958959999997
1990-05-01,198.6315723870967
1990-06-01,192.06042359999995
1990-07-01,193.72920851612903
1990-08-01,196.04332877419353
1990-09-01,196.55830639999996
1990-10-01,197.47982167741932
1990-11-01,198.78182239999998
1990-12-01,198.75821187096764
1991-01-01,199.74999174193542
1991-02-01,201.27195857142857
1991-03-01,200.30059819354835
1991-04-01,201.92471679999997
1991-05-01,202.72189006451612
1991-06-01,198.4295752
1991-07-01,199.02456774193544
1991-08-01,196.00399974193547
1991-09-01,197.6538592
1991-10-01,197.56782038709676
1991-11-01,198.34829519999994
1991-12-01,202.18632696774188
1992-01-01,207.93082374193546
1992-02-01,211.0552915862069
1992-03-01,212.2340098064516
1992-04-01,212.1173304
1992-05-01,211.87621393548386
1992-06-01,213.4624128
1992-07-01,211.2024092903226
1992-08-01,210.6692059354838
1992-09-01,209.90590479999994
1992-10-01,209.35718941935482
1992-11-01,210.23346320000002
1992-12-01,210.85218425806454
1993-01-01,210.71217290322582
1993-02-01,210.6200657142857
1993-03-01,210.3847587096774
1993-04-01,209.73694400000002
1993-05-01,210.3139664516129
1993-06-01,209.958432
1993-07-01,208.7368722580645
1993-08-01,205.44208258064518
1993-09-01,205.285848
1993-10-01,205.57383483870967
1993-11-01,206.63103199999998
1993-12-01,206.52559741935485
1994-01-01,206.14213935483872
1994-02-01,205.8543
1994-03-01,205.95375329032257
1994-04-01,205.285848
1994-05-01,206.24626296774193
1994-06-01,203.00391199999999
1994-07-01,200.27021651612893
1994-08-01,199.68411561290316
1994-09-01,202.07955519999993
1994-10-01,204.17047664516127
1994-11-01,205.5919688
1994-12-01,205.4400178064516
1995-01-01,205.90714838709678
1995-02-01,204.8811171428571
1995-03-01,204.83248258064515
1995-04-01,204.58958319999994
1995-05-01,201.57289238709666
1995-06-01,202.913488
1995-07-01,202.05968748387096
1995-08-01,199.42356077419348
1995-09-01,199.68199839999994
1995-10-01,200.68395793548387
1995-11-01,201.76012479999997
1995-12-01,202.20815458064513
1996-01-01,201.92144593548383
1996-02-01,199.4979062068965
1996-03-01,199.12623329032246
1996-04-01,198.13269999999994
1996-05-01,194.99501341935485
1996-06-01,192.66245439999997
1996-07-01,192.38081264516123
1996-08-01,192.7927842580645
1996-09-01,195.92594799999992
1996-10-01,196.20742916129026
1996-11-01,196.5930536
1996-12-01,198.00545419354836
1997-01-01,198.32549419354837
1997-02-01,198.51623999999973
1997-03-01,200.05203870967728
1997-04-01,201.7684559999997
1997-05-01,202.049953548387
1997-06-01,203.63759119999986
1997-07-01,204.87082838709665
1997-08-01,202.26626322580634
1997-09-01,201.5926879999998
1997-10-01,203.01253161290293
1997-11-01,203.70596799999976
1997-12-01,204.32120516129015
1998-01-01,205.1028696774193
1998-02-01,205.82164285714288
1998-03-01,206.99951225806453
1998-04-01,205.782672
1998-05-01,200.0895979354836
1998-06-01,196.85508
1998-07-01,196.5596206451613
1998-08-01,198.61849548387073
1998-09-01,201.94727199999977
1998-10-01,205.08910451612897
1998-11-01,209.78103839999991
1998-12-01,209.47881445161292
1999-01-01,208.76312438709675
1999-02-01,207.1067014285714
1999-03-01,206.53818270967741
1999-04-01,206.63103199999998
1999-05-01,205.43451174193547
1999-06-01,203.03347759999997
1999-07-01,205.2440609032258
1999-08-01,202.47146245161287
1999-09-01,201.54026239999993
1999-10-01,201.14489419354837
1999-11-01,202.0131088
1999-12-01,202.27255587096775
2000-01-01,202.48178632258066
2000-02-01,202.26023503448266
2000-03-01,201.33269032258065
2000-04-01,200.42804719999998
2000-05-01,198.5226309677419
2000-06-01,199.13102159999997
2000-07-01,196.8948023225806
2000-08-01,195.2144694193548
2000-09-01,195.2188119999999
2000-10-01,198.32372438709677
2000-11-01,204.5160247999999
2000-12-01,206.1147073548387
2001-01-01,206.77838477419357
2001-02-01,207.34705799999986
2001-03-01,207.6141267096774
2001-04-01,207.38764719999992
2001-05-01,207.26704799999996
2001-06-01,203.44343359999996
2001-07-01,201.91869290322575
2001-08-01,199.64508154838708
2001-09-01,205.69692160000002
2001-10-01,205.93428541935484
2001-11-01,206.7723575999999
2001-12-01,208.62724258064515
2002-01-01,208.3052361290322
2002-02-01,207.46832485714285
2002-03-01,206.43012619354838
2002-04-01,206.4998664
2002-05-01,203.6165272258064
2002-06-01,200.13117199999996
2002-07-01,208.91680258064514
2002-08-01,208.39628283870962
2002-09-01,209.13150959999993
2002-10-01,210.2702129032258
2002-11-01,212.2349832
2002-12-01,211.82075999999998
2003-01-01,211.50681600000001
2003-02-01,211.2264
2003-03-01,211.13240361290323
2003-04-01,209.807048
2003-05-01,206.79018348387098
2003-06-01,206.7078416
2003-07-01,207.92925058064512
2003-08-01,207.00688645161281
2003-09-01,207.80969359999997
2003-10-01,208.28557161290317
2003-11-01,207.83783679999993
2003-12-01,207.29860954838702
2004-01-01,207.22594916129032
2004-02-01,207.53369544827586
2004-03-01,207.7850113548387
2004-04-01,208.6379367999999
2004-05-01,209.19967664516128
2004-06-01,208.31657599999997
2004-07-01,210.04761058064517
2004-08-01,208.64897187096776
2004-09-01,208.70326559999998
2004-10-01,209.46445935483868
2004-11-01,211.774024
2004-12-01,213.23119741935483
2005-01-01,212.17776929032257
2005-02-01,212.48751
2005-03-01,212.97752516129032
2005-04-01,211.6680552
2005-05-01,210.14327845161284
2005-06-01,209.0576464
2005-07-01,206.91230012903227
2005-08-01,207.23519148387095
2005-09-01,206.94162319999998
2005-10-01,206.62185522580643
2005-11-01,206.7165792
2005-12-01,206.91878941935482
2006-01-01,206.29119638709676
2006-02-01,205.67392371428573
2006-03-01,204.35188180645162
2006-04-01,203.23759199999998
2006-05-01,202.39772051612903
2006-06-01,199.6149423999999
2006-07-01,198.9463029677419
2006-08-01,197.85551225806446
2006-09-01,200.20483199999998
2006-10-01,201.14715561290308
2006-11-01,202.2729
2006-12-01,202.519640516129
2007-01-01,203.99192283870966
2007-02-01,203.7979885714285
2007-03-01,203.7688289032258
2007-04-01,206.4086296
2007-05-01,206.8096513548387
2007-06-01,206.9032184
2007-07-01,210.8199344516128
2007-08-01,212.9221695483871
2007-09-01,213.01384879999998
2007-10-01,211.46581548387095
2007-11-01,210.80882400000002
2007-12-01,210.50599045161286
2008-01-01,209.91035225806448
2008-02-01,208.99736606896545
2008-03-01,208.50286451612897
2008-04-01,207.5772328
2008-05-01,205.38161419354836
2008-06-01,201.55773759999997
2008-07-01,203.35115458064513
2008-08-01,204.46033161290322
2008-09-01,204.97292
2008-10-01,203.69449703225803
2008-11-01,203.5614928
2008-12-01,204.0306619354839
2009-01-01,204.06359999999992
2009-02-01,203.08094657142854
2009-03-01,202.78255509677416
2009-04-01,201.65415599999994
2009-05-01,199.74714038709678
2009-06-01,197.73574879999995
2009-07-01,196.1303442580645
2009-08-01,196.24646322580637
2009-09-01,198.1888847999999
2009-10-01,201.8739561290322
2009-11-01,203.8861048
2009-12-01,204.34018141935482
2010-01-01,204.92077625806445
2010-02-01,207.45961628571428
2010-03-01,207.281993032258
2010-04-01,207.041496
2010-05-01,207.16498916129032
2010-06-01,206.1175456
2010-07-01,205.74737419354838
2010-08-01,203.91002012903215
2010-09-01,206.67461839999999
2010-10-01,206.36248025806452
2010-11-01,205.68655840000002
2010-12-01,204.83051612903222
2011-01-01,205.13413625806447
2011-02-01,204.66100799999987
2011-03-01,202.987656
2011-04-01,200.89713439999997
2011-05-01,199.0868059354838
2011-06-01,196.2212991999999
2011-07-01,196.2415470967742
2011-08-01,195.73213780645162
2011-09-01,196.02815760000001
2011-10-01,197.91322761290314
2011-11-01,197.58365359999996
2011-12-01,198.81297754838698
2012-01-01,199.2298652903225
2012-02-01,201.80072275862065
2012-03-01,202.41817161290314
2012-04-01,200.5800408
2012-05-01,199.83936696774194
2012-06-01,197.15571439999997
2012-07-01,196.86206090322577
2012-08-01,195.36932748387093
2012-09-01,196.2128663999999
2012-10-01,197.3552469677419
2012-11-01,197.57511919999996
2012-12-01,198.43532051612885
2013-01-01,199.39445729032252
2013-02-01,199.02307885714282
2013-03-01,197.64087406451605
2013-04-01,197.3161407999999
2013-05-01,197.78363845161292
2013-06-01,198.74179199999995
2013-07-01,195.51219019354832
2013-08-01,193.3545011612903
2013-09-01,193.4078936
2013-10-01,194.5867780645161
2013-11-01,195.40494319999985
2013-12-01,195.0426998709677
2014-01-01,195.88650425806452
2014-02-01,195.9181465714286
2014-03-01,195.6344051612903
2014-04-01,194.75084239999998
2014-05-01,193.80639174193536
2014-06-01,195.04345039999993
2014-07-01,193.69184593548385
2014-08-01,191.66610580645158
2014-09-01,191.63731039999993
2014-10-01,192.11897961290316
2014-11-01,194.04756719999986
2014-12-01,193.60217574193544
2015-01-01,194.9740707096773
2015-02-01,196.63399114285704
2015-03-01,196.86933677419344
2015-04-01,197.29307759999992
2015-05-01,199.25198787096775
2015-06-01,203.45613360000002
2015-07-01,202.65198270967738
2015-08-01,198.0462580645161
2015-09-01,197.01093440000002
2015-10-01,196.91879303225798
2015-11-01,201.4728
2015-12-01,202.9818549677419
2016-01-01,203.36197006451604
2016-02-01,202.2970212413793
2016-03-01,202.64549341935486
2016-04-01,202.7978671999999
2016-05-01,205.2779821935483
2016-06-01,207.69112639999997
2016-07-01,203.58408077419352
2016-08-01,203.51702477419354
2016-09-01,205.7637744
2016-10-01,206.0491261935484
2016-11-01,206.90951760000002
2016-12-01,208.90313574193542
2017-01-01,208.71543793548386
2017-02-01,208.7288905714284
2017-03-01,208.93676206451613
2017-04-01,207.56432959999998
2017-05-01,205.08055045161288
2017-06-01,203.9693152
2017-07-01,200.70588387096765
2017-08-01,200.76084619354828
2017-09-01,201.22692800000002
2017-10-01,202.48689909677418
2017-11-01,201.88844559999998
2017-12-01,202.59377574193542
2018-01-01,202.52996438709675
2018-02-01,202.6387688571428
2018-03-01,202.62533729032253
2018-04-01,202.74015839999998
2018-05-01,201.0315282580645
2018-06-01,197.25619679999997
2018-07-01,197.81755974193544
2018-08-01,196.1604309677419
2018-09-01,202.20858719999993
2018-10-01,206.99695587096775
2018-11-01,208.7419752
2018-12-01,208.8971380645161
2019-01-01,209.29121496774192
2019-02-01,208.88978142857144
2019-03-01,208.3436802580645
2019-04-01,207.2950896
2019-05-01,208.09718554838705
2019-06-01,207.55030879999998
2019-07-01,207.07443406451608
2019-08-01,203.65890425806447
2019-09-01,202.9937519999999
2019-10-01,203.77177858064513
2019-11-01,205.3017992
2019-12-01,204.91831819354837
2020-01-01,204.851360516129
2020-02-01,205.1643484137931
2020-03-01,204.74438554838707
2020-04-01,204.6557247999999
2020-05-01,202.64451019354837
2020-06-01,202.8248928
2020-07-01,200.18133290322578
2020-08-01,200.07239148387094
2020-09-01,201.6776256
2020-10-01,201.2207992258064
2020-11-01,200.9738423999999
2020-12-01,201.76216335483863
2021-01-01,202.61766812903227
2021-02-01,201.54137999999995
2021-03-01,201.1718345806451
2021-04-01,198.54438319999997
2021-05-01,202.95579948387092
2021-06-01,203.2531368
2021-07-01,203.55379741935485
2021-08-01,202.2672464516129
2021-09-01,200.86797519999993
2021-10-01,202.10737393548385
2021-11-01,202.98755439999985
2021-12-01,202.4100108387096
2022-01-01,202.04297264516126
2022-02-01,202.5381848571428
2022-03-01,200.29499380645157
2022-04-01,197.63252319999995
2022-05-01,196.81466941935483
2022-06-01,194.2987223999999
2022-07-01,194.0503104
